%23%E7%96%AB%E6%83%85%E9%98%B2%E6%8E%A7%E6%9C%80%E6%96%B0%E5%8A%A8%E6%80%81%23,Ere_van
%23%E7%96%AB%E6%83%85%E9%98%B2%E6%8E%A7%E6%9C%80%E6%96%B0%E5%8A%A8%E6%80%81%23,poms_test
%2310%E6%9C%8810%E6%97%A5%E6%96%B0%E5%A2%9E%E6%9C%AC%E5%9C%9F%E6%97%A0%E7%97%87%E7%8A%B6%E6%84%9F%E6%9F%93%E8%80%851662%E4%BE%8B%23,Ere_van
%2310%E6%9C%8810%E6%97%A5%E6%96%B0%E5%A2%9E%E6%9C%AC%E5%9C%9F%E6%97%A0%E7%97%87%E7%8A%B6%E6%84%9F%E6%9F%93%E8%80%851662%E4%BE%8B%23,poms_test
%23%E6%89%A7%E5%8B%A4%E8%AD%A6%E7%8A%AC%E6%8B%92%E7%BB%9D%E8%B7%AF%E4%BA%BA%E6%8A%95%E5%96%82%23,Ere_van
%23%E6%B1%BD%E8%BD%A6%E5%86%B2%E5%85%A5%E6%B2%B3%E4%B8%AD%E6%B0%91%E8%AD%A64%E5%88%86%E9%92%9F%E6%95%91%E8%B5%B74%E4%BA%BA%23,Ere_van
%2310%E6%9C%8810%E6%97%A5%E4%BA%91%E5%8D%97%E7%9C%81%E6%96%B0%E5%86%A0%E8%82%BA%E7%82%8E%E7%96%AB%E6%83%85%E6%83%85%E5%86%B5%23,Ere_van
%2310%E6%9C%8810%E6%97%A5%E4%BA%91%E5%8D%97%E7%9C%81%E6%96%B0%E5%86%A0%E8%82%BA%E7%82%8E%E7%96%AB%E6%83%85%E6%83%85%E5%86%B5%23,poms_test
%23%E5%B1%B1%E7%BE%8A%E7%AB%9F%E5%9C%A8%E6%88%BF%E9%A1%B6%E6%95%A3%E6%AD%A5%23,Ere_van
%23%E5%B0%8F%E6%9C%8B%E5%8F%8B%E5%B0%86%E5%96%9C%E7%88%B1%E7%9A%84%E8%BE%A3%E6%9D%A1%E9%80%81%E7%BB%99%E6%89%A7%E5%8B%A4%E6%B0%91%E8%AD%A6%23,Ere_van
%23%E4%BA%91%E5%8D%97%E7%96%AB%E6%83%85%E9%80%9F%E6%8A%A5%23,Ere_van
%23%E4%BA%91%E5%8D%97%E7%96%AB%E6%83%85%E9%80%9F%E6%8A%A5%23,poms_test
%23%E4%BA%91%E5%8D%97%E8%AD%A6%E6%96%B9%E6%8D%A3%E6%AF%81%E4%B8%80%E7%89%B9%E5%A4%A7%E8%B7%A8%E5%9B%BD%E7%8A%AF%E7%BD%AA%E5%9B%A2%E4%BC%99374%E4%BA%BA%E8%90%BD%E7%BD%91%23,False
%23%E9%87%8D%E5%BA%86%E7%96%BE%E6%8E%A7%E5%81%A5%E5%BA%B7%E6%8F%90%E7%A4%BA%23,Ere_van
%23%E9%87%8D%E5%BA%86%E7%96%BE%E6%8E%A7%E5%81%A5%E5%BA%B7%E6%8F%90%E7%A4%BA%23,poms_test
%23%E5%81%A5%E5%BA%B7%E5%8F%91%E5%B8%83%23,Ere_van
%23%E5%81%A5%E5%BA%B7%E5%8F%91%E5%B8%83%23,poms_test
%23%E5%8A%9F%E5%8B%8B%E7%BC%89%E6%AF%92%E7%8A%AC%E6%BB%A8%E5%BD%B1%E5%8E%BB%E4%B8%96%23,Ere_van
%23%E7%94%B7%E5%AD%90%E6%89%93%E6%96%AD%E9%82%BB%E5%B1%85%E9%BC%BB%E6%A2%81%E5%90%8E%E6%80%81%E5%BA%A6%E5%9A%A3%E5%BC%A0%23,Ere_van
%23%E7%94%B7%E5%AD%90%E6%89%93%E6%96%AD%E9%82%BB%E5%B1%85%E9%BC%BB%E6%A2%81%E5%90%8E%E6%80%81%E5%BA%A6%E5%9A%A3%E5%BC%A0%23,lyctest
%23%E6%89%93%E5%87%BB%E6%95%B4%E6%B2%BB%E8%B7%A8%E5%A2%83%E8%BF%9D%E6%B3%95%E7%8A%AF%E7%BD%AA%23,False
%23%E4%BA%91%E5%8D%97%E7%96%AB%E6%83%85%23,Ere_van
%23%E4%BA%91%E5%8D%97%E7%96%AB%E6%83%85%23,poms_test
%23%E6%98%86%E6%98%8E%E6%80%A5%E5%AF%BB%E7%BD%91%E7%BA%A6%E8%BD%A6%E4%BA%91AD20674%E4%B9%98%E5%AE%A2%23,Ere_van
%23%E6%98%86%E6%98%8E%E6%80%A5%E5%AF%BB%E7%BD%91%E7%BA%A6%E8%BD%A6%E4%BA%91AD20674%E4%B9%98%E5%AE%A2%23,poms_test
%23%E7%96%AB%E6%83%85%E9%98%B2%E6%8E%A7%E4%BA%91%E5%8D%97%E5%8A%A0%E6%B2%B9%23,Ere_van
%23%E7%96%AB%E6%83%85%E9%98%B2%E6%8E%A7%E4%BA%91%E5%8D%97%E5%8A%A0%E6%B2%B9%23,poms_test
%23%E4%BA%91%E5%8D%97%E6%96%B9%E8%A8%80%23,Ere_van
%23%E4%BA%91%E5%8D%97%E6%96%B9%E8%A8%80%23,poms_test
%23%E6%98%86%E6%98%8E%E7%96%AB%E6%83%85%E9%98%B2%E6%8E%A7%23,Ere_van
%23%E6%98%86%E6%98%8E%E7%96%AB%E6%83%85%E9%98%B2%E6%8E%A7%23,poms_test
%23%E4%BA%91%E5%8D%97%E5%A4%96%E5%87%BA%E5%8A%A1%E5%B7%A5%E4%BA%BA%E5%91%98%E5%B9%B3%E5%9D%87%E6%9C%88%E5%B7%A5%E8%B5%844182%E5%85%83%23,Ere_van
%23%E4%BA%91%E5%8D%97%E5%A4%96%E5%87%BA%E5%8A%A1%E5%B7%A5%E4%BA%BA%E5%91%98%E5%B9%B3%E5%9D%87%E6%9C%88%E5%B7%A5%E8%B5%844182%E5%85%83%23,poms_test
%23%E5%AE%89%E5%AE%81%E5%B8%82%E5%8F%91%E5%B8%83%E7%96%AB%E6%83%85%E9%98%B2%E6%8E%A7%E7%9A%84%E5%81%A5%E5%BA%B7%E6%8F%90%E7%A4%BA%23,Ere_van
%23%E5%AE%89%E5%AE%81%E5%B8%82%E5%8F%91%E5%B8%83%E7%96%AB%E6%83%85%E9%98%B2%E6%8E%A7%E7%9A%84%E5%81%A5%E5%BA%B7%E6%8F%90%E7%A4%BA%23,poms_test
%23%E9%81%93%E7%9C%9F%EF%BC%9A%E7%8E%89%E6%BA%AA%E6%B4%BE%E5%87%BA%E6%89%80%E7%BB%87%E5%AF%86%E2%80%9C%E4%B8%89%E9%81%93%E9%98%B2%E7%BA%BF%E2%80%9D%E7%AD%91%E7%89%A2%E6%B2%BB%E5%AE%89%E9%98%B2%E6%8E%A7%E7%BD%91%23,False
%2313%E5%B2%81%E8%99%8E%E8%83%86%E5%B0%91%E5%B9%B4%E7%A7%9F%E8%BD%A6%E8%BD%BD4%E5%90%8D%E5%90%8C%E4%BC%B4%E5%87%BA%E5%8E%BB%E7%8E%A9%23,Ere_van
%23%E6%B2%BB%E5%AE%89%E6%89%93%E5%87%BB%E6%95%B4%E6%B2%BB%E7%99%BE%E6%97%A5%E8%A1%8C%E5%8A%A8%23,Ere_van
%23%E6%B2%BB%E5%AE%89%E6%89%93%E5%87%BB%E6%95%B4%E6%B2%BB%E7%99%BE%E6%97%A5%E8%A1%8C%E5%8A%A8%23,False
%23%E4%B8%A5%E5%8E%89%E6%89%93%E5%87%BB%E5%81%B7%E6%B8%A1%23,False
%23%E6%B0%91%E8%AD%A6%E4%BA%94%E5%B9%B4%E5%A6%82%E4%B8%80%E6%97%A5%E7%85%A7%E6%96%99%E5%9B%B0%E9%9A%BE%E8%80%81%E4%BA%BA%23,Ere_van
%23%E4%BA%91%E5%8D%97%E6%96%87%E6%97%85%E5%A4%B4%E6%9D%A1%23,False
%23%E4%BB%8A%E6%97%A5%E8%AF%B4%E6%B3%95%23,Ere_van
%2315%E4%BA%BA%E7%9B%97%E6%8C%96%E6%A4%8D%E7%89%A9%E6%B4%BB%E5%8C%96%E7%9F%B3%E9%87%91%E6%AF%9B%E7%8B%97%E8%95%A810%E4%B8%87%E6%A0%AA%23,False
%23%E4%BA%91%E5%8D%97%E9%95%87%E9%9B%84%E5%8E%BF%E9%9B%86%E4%B8%AD%E9%9A%94%E7%A6%BB%E5%9C%BA%E6%89%80%E5%BC%80%E5%A7%8B%E5%AE%9E%E8%A1%8C%E6%94%B6%E8%B4%B9%E7%AE%A1%E7%90%86%23,Ere_van
%23%E4%BA%91%E5%8D%97%E9%95%87%E9%9B%84%E5%8E%BF%E9%9B%86%E4%B8%AD%E9%9A%94%E7%A6%BB%E5%9C%BA%E6%89%80%E5%BC%80%E5%A7%8B%E5%AE%9E%E8%A1%8C%E6%94%B6%E8%B4%B9%E7%AE%A1%E7%90%86%23,poms_test
%23%E6%B3%95%E5%BE%8B%E4%B9%8B%E7%9C%BC%23,Ere_van
%23%E7%94%B7%E5%AD%90%E7%BD%91%E8%B4%AD%E9%B3%84%E9%B1%BC%E5%9C%88%E5%85%BB6%E5%B9%B4%E5%92%AC%E4%BC%A4%E9%82%BB%E5%B1%85%23,Ere_van
%23%E9%AA%97%E5%AD%90%E8%87%AA%E5%88%B6%E5%81%87%E8%80%B3%E5%B1%8E%E8%A2%AB%E4%BE%BF%E8%A1%A3%E6%B0%91%E8%AD%A6%E5%8C%85%E5%9B%B4%23,Ere_van
%23%E9%AA%97%E5%AD%90%E8%87%AA%E5%88%B6%E5%81%87%E8%80%B3%E5%B1%8E%E8%A2%AB%E4%BE%BF%E8%A1%A3%E6%B0%91%E8%AD%A6%E5%8C%85%E5%9B%B4%23,False
%23%E4%BA%91%E5%8D%97%E5%85%AC%E5%AE%89%E5%85%9A%E6%97%97%E7%BA%A2%23,Ere_van
%23%E4%BA%91%E5%8D%97%E9%95%87%E9%9B%84%E5%8E%BF%E9%9B%86%E4%B8%AD%E9%9A%94%E7%A6%BB%E5%9C%BA%E6%89%80%E5%BC%80%E5%A7%8B%E5%AE%9E%E8%A1%8C%E6%94%B6%E8%B4%B9%E7%AE%A1%E7%90%86%23,Ere_van
%23%E4%BA%91%E5%8D%97%E9%95%87%E9%9B%84%E5%8E%BF%E9%9B%86%E4%B8%AD%E9%9A%94%E7%A6%BB%E5%9C%BA%E6%89%80%E5%BC%80%E5%A7%8B%E5%AE%9E%E8%A1%8C%E6%94%B6%E8%B4%B9%E7%AE%A1%E7%90%86%23,poms_test
